"","n_raw_reads","n_mapped_reads","expected_umis","ci_95_low","ci_95_high","signal_umis","dataset"
"1",0,0,0,0,0,0,"tenx_nextgem"
"2",9999997.44847719,8236254.93956083,8041953.3681325,8016828.77799779,8067156.69825866,3906459,"tenx_nextgem"
"3",19999994.8969544,16472509.8791217,15735217.7027002,15694750.5736798,15775789.1716095,7643539,"tenx_nextgem"
"4",29999992.3454316,24708764.8186825,23117866.11419,23067275.5157351,23168567.6667387,11229734,"tenx_nextgem"
"5",39999989.7939088,32945019.7582433,30220436.4763936,30162738.2639824,30278245.0595439,14679879,"tenx_nextgem"
"6",49999987.242386,41181274.6978041,37066667.5141638,37003727.6811815,37129714.4018356,18005504,"tenx_nextgem"
"7",59999984.6908632,49417529.637365,43676496.3235997,43609537.7185991,43743557.7376421,21216294,"tenx_nextgem"
"8",69999982.1393403,57653784.5769258,50066625.9513909,49996488.2523334,50136862.0432956,24320364,"tenx_nextgem"
"9",79999979.5878175,65890039.5164866,56251906.1973498,56179187.6457143,56324718.8761519,27324925,"tenx_nextgem"
"10",89999977.0362947,74126294.4560474,62245047.3801447,62170186.681362,62319998.2205937,30236154,"tenx_nextgem"
"11",99999974.4847719,82362549.3956082,68057092.4061089,67980418.6836204,68133852.6073193,33059413,"tenx_nextgem"
"12",109999971.933249,90598804.3351691,73698329.166696,73620093.9258529,73776647.5472443,35799700,"tenx_nextgem"
"13",119999969.381726,98835059.2747299,79178176.1817981,79098574.6080264,79257857.8633413,38461590,"tenx_nextgem"
"14",129999966.830203,107071314.214291,84505028.4077152,84424214.0336581,84585920.1406572,41049162,"tenx_nextgem"
"15",139999964.278681,115307569.153852,89686317.2893971,89604412.3638695,89768297.0819613,43566025,"tenx_nextgem"
"16",149999961.727158,123543824.093412,94728926.7260417,94646029.6978829,94811896.3607039,46015523,"tenx_nextgem"
"17",159999959.175635,131780079.032973,99639732.7540298,99555923.7632875,99723612.2975495,48400996,"tenx_nextgem"
"18",169999956.624112,140016333.972534,104424593.313863,104339938.275741,104509317.035899,50725290,"tenx_nextgem"
"19",179999954.072589,148252588.912095,109088950.026982,109003503.701908,109174463.332237,52991048,"tenx_nextgem"
"20",189999951.521067,156488843.851656,113638094.356618,113551902.680009,113724351.4571,55200840,"tenx_nextgem"
"21",199999948.969544,164725098.791216,118077067.015749,117990168.879781,118164029.150998,57357116,"tenx_nextgem"
"22",209999946.418021,172961353.730777,122410137.084352,122322565.709269,122497771.152248,59461948,"tenx_nextgem"
"23",219999943.866498,181197608.670338,126641985.295123,126553769.290129,126730262.792269,61517610,"tenx_nextgem"
"24",229999941.314975,189433863.609899,130776158.215602,130687322.403399,130865054.414699,63525826,"tenx_nextgem"
"25",239999938.763453,197670118.54946,134816827.279196,134727393.337107,134906320.588796,65488622,"tenx_nextgem"
"26",249999936.21193,205906373.489021,138767441.308193,138677428.268134,138857512.774107,67407672,"tenx_nextgem"
"27",259999933.660407,214142628.428581,142631005.721535,142540430.358439,142721638.639506,69284437,"tenx_nextgem"
"28",269999931.108884,222378883.368142,146411269.797889,146320146.930525,146502449.413261,71120738,"tenx_nextgem"
"29",279999928.557361,230615138.307703,150110459.493616,150018802.215944,150202172.771311,72917656,"tenx_nextgem"
"30",289999926.005839,238851393.247264,153731867.793991,153639687.650224,153824103.243643,74676792,"tenx_nextgem"
"31",299999923.454316,247087648.186825,157278200.310397,157185507.4259,157370947.856236,76399458,"tenx_nextgem"
"32",309999920.902793,255323903.126386,160752027.464005,160658830.639454,160845278.351243,78086904,"tenx_nextgem"
"33",319999918.35127,263560158.065946,164155793.699484,164062100.476759,164249540.428899,79740318,"tenx_nextgem"
"34",329999915.799747,271796413.005507,167491825.867108,167397642.570634,167586062.154132,81360829,"tenx_nextgem"
"35",339999913.248225,280032667.945068,170762340.869111,170667672.628942,170857061.621134,82949514,"tenx_nextgem"
"36",349999910.696702,288268922.884629,173969452.652611,173874303.412017,174064653.961727,84507401,"tenx_nextgem"
"37",359999908.145179,296505177.82419,177115178.620136,177019551.131058,177210857.76801,86035469,"tenx_nextgem"
"38",369999905.593656,304741432.76375,180201445.51936,180105341.328137,180297600.99177,87534654,"tenx_nextgem"
"39",379999903.042133,312977687.703311,183230096.710931,183133516.136727,183326728.219599,89005851,"tenx_nextgem"
"40",389999900.49061,321213942.642872,186203050.216486,186105992.324496,186300158.726053,90449993,"tenx_nextgem"
"41",399999897.939088,329450197.582433,189122081.396099,189024543.96618,189219669.155726,91867942,"tenx_nextgem"
"42",409999895.387565,337686452.521994,191988598.346889,191890577.839813,192086668.924271,93260381,"tenx_nextgem"
"43",419999892.836042,345922707.461555,194804134.125118,194705625.646794,194902692.442373,94628056,"tenx_nextgem"
"44",429999890.284519,354158962.401115,197570172.891879,197471170.157774,197669225.261287,95971687,"tenx_nextgem"
"45",439999887.732996,362395217.340676,200288138.629348,200188633.927758,200387692.790217,97291966,"tenx_nextgem"
"46",449999885.181474,370631472.280237,202959398.336737,202859382.493808,203059463.490517,98589557,"tenx_nextgem"
"47",459999882.629951,378867727.219798,205585265.010869,205484727.356125,205685851.85574,99865098,"tenx_nextgem"
"48",469999880.078428,387103982.159359,208166660.040179,208065588.374497,208267780.803272,101119036,"tenx_nextgem"
"49",479999877.526905,395340237.09892,210705063.213215,210603443.777983,210806731.681404,102352091,"tenx_nextgem"
"50",489999874.975382,403576492.03848,213201684.195539,213099501.644704,213303915.74355,103564850,"tenx_nextgem"
"51",499999872.42386,411812746.978041,215657645.213984,215554882.588047,215760456.830494,104757857,"tenx_nextgem"
"52",509999869.872337,420049001.917602,218074026.728351,217970665.431384,218177437.03906,105931639,"tenx_nextgem"
"53",519999867.320814,428285256.857163,220451869.440009,220347889.218775,220555898.728589,107086700,"tenx_nextgem"
"54",529999864.769291,436521511.796724,222792176.179557,222687555.105397,222896846.405853,108223527,"tenx_nextgem"
"55",539999862.217768,444757766.736285,225095913.6825,224990628.135325,225201248.498601,109342591,"tenx_nextgem"
"56",549999859.666246,452994021.675845,227363360.94888,227257385.60456,227469385.711939,110444026,"tenx_nextgem"
"57",559999857.114723,461230276.615406,229595521.439567,229488829.258052,229702263.223591,111528320,"tenx_nextgem"
"58",569999854.5632,469466531.554967,231794717.906634,231687280.122714,231902205.511492,112596602,"tenx_nextgem"
"59",579999852.011677,477702786.494528,233960715.743695,233852501.859764,234068979.702972,113648757,"tenx_nextgem"
"60",589999849.460154,485939041.434089,236094630.434177,235985608.214215,236203703.020959,114685327,"tenx_nextgem"
"61",599999846.908631,494175296.373649,238197277.383873,238087412.84858,238307192.615739,115706709,"tenx_nextgem"
"62",609999844.357109,502411551.31321,240269237.088984,240158494.511892,240380030.732013,116713184,"tenx_nextgem"
"63",619999841.805586,510647806.252771,242311240.082787,242199581.987622,242422949.654219,117705107,"tenx_nextgem"
"64",629999839.254063,518884061.192332,244324241.460318,244211628.61738,244436906.2322,118682943,"tenx_nextgem"
"65",639999836.70254,527120316.131893,246308729.415863,246195120.83969,246422390.417562,119646928,"tenx_nextgem"
"66",649999834.151017,535356571.071454,248265337.385777,248150690.33196,248380037.407195,120597370,"tenx_nextgem"
"67",659999831.599495,543592826.011014,250194706.819929,250078976.781898,250310490.414807,121534580,"tenx_nextgem"
"68",669999829.047972,551829080.950575,252097458.891696,251980599.59658,252214372.381836,122458861,"tenx_nextgem"
"69",679999826.496449,560065335.890136,253974195.315137,253856158.717854,254092286.796408,123370505,"tenx_nextgem"
"70",689999823.944926,568301590.829697,255825499.121772,255706235.399671,255944818.469561,124269794,"tenx_nextgem"
"71",699999821.393403,576537845.769258,257651935.399355,257531392.944149,257772534.276743,125157004,"tenx_nextgem"
"72",709999818.841881,584774100.708819,259454051.994873,259332177.403182,259575983.862201,126032400,"tenx_nextgem"
"73",719999816.290358,593010355.648379,261232218.927666,261108956.991165,261355539.05254,126896162,"tenx_nextgem"
"74",729999813.738835,601246610.58794,262986813.056325,262862106.748696,263111578.526773,127748474,"tenx_nextgem"
"75",739999811.187312,609482865.527501,264718605.808406,264592396.27196,264844875.546305,128589709,"tenx_nextgem"
"76",749999808.635789,617719120.467062,266428081.89819,266300308.428056,266555916.675275,129420105,"tenx_nextgem"
"77",759999806.084267,625955375.406623,268114248.527961,267984848.555668,268243710.982714,130239177,"tenx_nextgem"
"78",769999803.532744,634191630.346184,269778852.652994,269647761.727163,269910007.309489,131047775,"tenx_nextgem"
"79",779999800.981221,642427885.285744,271422561.357717,271289713.124329,271555474.64574,131846223,"tenx_nextgem"
"80",789999798.429698,650664140.225305,273047110.82188,272912437.003626,273181851.097485,132635364,"tenx_nextgem"
"81",799999795.878175,658900395.164866,274651553.379628,274514983.753598,274788190.948262,133414738,"tenx_nextgem"
"82",809999793.326653,667136650.104427,276236395.715762,276097858.090784,276375002.854766,134184591,"tenx_nextgem"
"83",819999790.77513,675372905.043988,277802147.451572,277661567.644825,277942798.433751,134945171,"tenx_nextgem"
"84",829999788.223607,683609159.983548,279349005.947476,279206307.76085,279491777.06502,135696573,"tenx_nextgem"
"85",839999785.672084,691845414.923109,280877693.894048,280732799.09051,281022663.482236,136439148,"tenx_nextgem"
"86",849999783.120561,700081669.86267,282388979.871824,282241808.151602,282536228.333035,137173270,"tenx_nextgem"
"87",859999780.569039,708317924.802231,283882479.648651,283732948.626896,284032089.475234,137898753,"tenx_nextgem"
"88",869999778.017516,716554179.741792,285358705.384402,285206730.568845,285510761.181022,138615844,"tenx_nextgem"
"89",879999775.465993,724790434.681352,286816948.506142,286662443.276241,286971537.011221,139324200,"tenx_nextgem"
"90",889999772.91447,733026689.620913,288258361.99199,288101237.579112,288415572.097249,140024381,"tenx_nextgem"
"91",899999770.362947,741262944.560474,289683262.194063,289523427.663047,289843184.963457,140716541,"tenx_nextgem"
"92",909999767.811424,749499199.500035,291091957.157061,290929319.39063,291254685.842632,141400829,"tenx_nextgem"
"93",919999765.259902,757735454.439596,292483907.711659,292318371.39596,292649537.768546,142076983,"tenx_nextgem"
"94",929999762.708379,765971709.379157,293860916.393661,293692384.006467,294029545.491452,142745878,"tenx_nextgem"
"95",939999760.156856,774207964.318718,295221773.435004,295050145.236046,295393501.468647,143406928,"tenx_nextgem"
"96",949999757.605333,782444219.258278,296568543.226292,296393717.250642,296743472.321949,144061135,"tenx_nextgem"
"97",959999755.05381,790680474.197839,297900721.211403,297722593.265052,298078955.732015,144708254,"tenx_nextgem"
"98",969999752.502288,798916729.1374,299218558.590528,299037022.249789,299400205.136494,145348407,"tenx_nextgem"
"99",979999749.950765,807152984.076961,300522352.573684,300337299.186058,300707519.982301,145981737,"tenx_nextgem"
"100",989999747.399242,815389239.016522,301811859.892622,301623178.58186,302000659.233561,146608129,"tenx_nextgem"
"101",999999744.847719,823625493.956082,303087174.273461,302894751.947052,303279718.841512,147227625,"tenx_nextgem"
"102",1009999742.2962,831861748.895643,304348796.198183,304152517.557786,304545201.503007,147840471,"tenx_nextgem"
"103",1019999739.74467,840098003.835204,305597169.233515,305396916.788875,305797552.986099,148446880,"tenx_nextgem"
"104",1029999737.19315,848334258.774765,306832522.219264,306628176.303679,307037004.316898,149046965,"tenx_nextgem"
"105",1039999734.64163,856570513.714326,308055078.538007,307846517.328922,308263781.044054,149640834,"tenx_nextgem"
"106",1049999732.09011,864806768.653887,309265056.279965,309052155.819778,309478103.403441,150228593,"tenx_nextgem"
"107",1059999729.53858,873043023.593447,310463789.703726,310246423.925156,310681307.773759,150810890,"tenx_nextgem"
"108",1069999726.98706,881279278.533008,311651723.277323,311429764.030361,311873840.71696,151387941,"tenx_nextgem"
"109",1079999724.43554,889515533.472569,312826122.459319,312599439.541618,313052969.757178,151958417,"tenx_nextgem"
"110",1089999721.88401,897751788.41213,313988755.544535,313757216.732513,314220465.221859,152523177,"tenx_nextgem"
"111",1099999719.33249,905988043.351691,315139832.476872,314903303.559905,315376539.054499,153082325,"tenx_nextgem"
"112",1109999716.78097,914224298.291252,316279542.522559,316037887.339304,316521382.485012,153635950,"tenx_nextgem"
"113",1119999714.22945,922460553.230812,317408070.656007,317161151.132106,317655182.414207,154184144,"tenx_nextgem"
"114",1129999711.67792,930696808.170373,318525597.683196,318273273.87026,318778121.535883,154726994,"tenx_nextgem"
"115",1139999709.1264,938933063.109934,319632300.360761,319374430.478226,319890378.453065,155264586,"tenx_nextgem"
"116",1149999706.57488,947169318.049495,320727750.114281,320464190.591465,320991526.396486,155796711,"tenx_nextgem"
"117",1159999704.02335,955405572.989056,321811409.262243,321542014.781784,322081029.44691,156323110,"tenx_nextgem"
"118",1169999701.47183,963641827.928617,322884456.0869,322609079.628998,323160067.603882,156844353,"tenx_nextgem"
"119",1179999698.92031,971878082.868177,323947279.8865,323665772.774637,324229031.838134,157360630,"tenx_nextgem"
"120",1189999696.36879,980114337.807738,325000985.277982,324713197.224576,325289028.393283,157872478,"tenx_nextgem"
"121",1199999693.81726,988350592.747299,326046559.687838,325752338.840801,326341046.27635,158380376,"tenx_nextgem"
"122",1209999691.26574,996586847.68686,327082419.90795,326781612.899409,327383503.813516,158883556,"tenx_nextgem"
"123",1219999688.71422,1004823102.62642,328107076.367055,327799528.360521,328414912.921217,159381293,"tenx_nextgem"
"124",1229999686.16269,1013059357.56598,329122028.708472,328807583.44584,329436774.681392,159874316,"tenx_nextgem"
"125",1239999683.61117,1021295612.50554,330128114.637915,329806614.487049,330449928.191674,160363032,"tenx_nextgem"
"126",1249999681.05965,1029531867.4451,331125169.936989,330796455.940346,331454210.57828,160847362,"tenx_nextgem"
"127",1259999678.50813,1037768122.38466,332112884.258635,331776796.181275,332449312.791377,161327154,"tenx_nextgem"
"128",1269999675.9566,1046004377.32422,333091765.736625,332748142.11338,333435744.214428,161802656,"tenx_nextgem"
"129",1279999673.40508,1054240632.26379,334062932.383226,333711610.565806,334414624.061972,162274410,"tenx_nextgem"
"130",1289999670.85356,1062476887.20335,335025561.895696,334666378.100697,335385131.188035,162742016,"tenx_nextgem"
"131",1299999668.30203,1070713142.14291,335977622.006727,335610411.363284,336345234.436444,163204489,"tenx_nextgem"
"132",1309999665.75051,1078949397.08247,336922336.922228,336546933.515066,337298159.075497,163663394,"tenx_nextgem"
"133",1319999663.19899,1087185652.02203,337859324.249621,337475561.167371,338243523.731185,164118545,"tenx_nextgem"
"134",1329999660.64747,1095421906.96159,338788330.494133,338396039.873864,339181075.883113,164569819,"tenx_nextgem"
"135",1339999658.09594,1103658161.90115,339711118.810817,339310131.88203,340112579.614393,165018073,"tenx_nextgem"
"136",1349999655.54442,1111894416.84071,340624616.622768,340214763.754376,341034963.236264,165461813,"tenx_nextgem"
"137",1359999652.9929,1120130671.78027,341529374.190464,341110484.931873,341948777.85192,165901308,"tenx_nextgem"
"138",1369999650.44138,1128366926.71983,342426443.279548,341998346.403131,342855076.026788,166337069,"tenx_nextgem"
"139",1379999647.88985,1136603181.65939,343316405.718995,342878929.26246,343754440.348207,166769377,"tenx_nextgem"
"140",1389999645.33833,1144839436.59895,344198484.91114,343751456.219928,344646094.937055,167197856,"tenx_nextgem"
"141",1399999642.78681,1153075691.53852,345073209.273143,344616455.040017,345530568.887778,167622762,"tenx_nextgem"
"142",1409999640.23528,1161311946.47808,345941052.315015,345474398.620086,346408336.34803,168044325,"tenx_nextgem"
"143",1419999637.68376,1169548201.41764,346801967.705775,346325240.05602,347279351.586221,168462523,"tenx_nextgem"
"144",1429999635.13224,1177784456.3572,347655842.449422,347168865.817167,348143502.167817,168877302,"tenx_nextgem"
"145",1439999632.58072,1186020711.29676,348502771.792738,348005370.653345,349000883.86338,169288706,"tenx_nextgem"
"146",1449999630.02919,1194256966.23632,349342880.002401,348834878.371032,349851621.426931,169696797,"tenx_nextgem"
"147",1459999627.47767,1202493221.17588,350176860.088109,349658081.5552,350696408.319133,170101911,"tenx_nextgem"
"148",1469999624.92615,1210729476.11544,351004172.008647,350474439.776899,351534704.915723,170503786,"tenx_nextgem"
"149",1479999622.37462,1218965731.055,351824903.984108,351284040.902296,352366599.819017,170902465,"tenx_nextgem"
"150",1489999619.8231,1227201985.99456,352639142.610734,352086971.207629,353192179.97391,171297989,"tenx_nextgem"
"151",1499999617.27158,1235438240.93412,353446735.639481,352883078.157663,354011293.447149,171690286,"tenx_nextgem"
"152",1509999614.72006,1243674495.87368,354247420.067714,353672098.495897,354823677.520287,172079226,"tenx_nextgem"
"153",1519999612.16853,1251910750.81325,355041324.305402,354454160.409891,355629460.855431,172464873,"tenx_nextgem"
"154",1529999609.61701,1260147005.75281,355829230.170026,355230045.524844,356429425.490525,172847606,"tenx_nextgem"
"155",1539999607.06549,1268383260.69237,356611772.724004,356000388.741223,357224206.678601,173227734,"tenx_nextgem"
"156",1549999604.51396,1276619515.63193,357388304.635282,356764542.596589,358013157.250628,173604942,"tenx_nextgem"
"157",1559999601.96244,1284855770.57149,358158502.012781,357522183.098041,358795953.449586,173979073,"tenx_nextgem"
"158",1569999599.41092,1293092025.51105,358922793.792656,358273739.10691,359573024.316705,174350336,"tenx_nextgem"
"159",1579999596.8594,1301328280.45061,359681285.479472,359019316.081315,360344475.434475,174718781,"tenx_nextgem"
"160",1589999594.30787,1309564535.39017,360434049.358905,359758986.287215,361110379.140166,175084443,"tenx_nextgem"
"161",1599999591.75635,1317800790.32973,361181156.459841,360492820.760289,361870806.488022,175447358,"tenx_nextgem"
"162",1609999589.20483,1326037045.26929,361922728.687519,361220941.43806,362625879.383244,175807584,"tenx_nextgem"
"163",1619999586.65331,1334273300.20885,362659324.362312,361943906.697497,363376156.120377,176165393,"tenx_nextgem"
"164",1629999584.10178,1342509555.14841,363390913.421396,362661686.557616,364121606.587899,176520770,"tenx_nextgem"
"165",1639999581.55026,1350745810.08798,364119181.531996,363375966.787996,364863916.376955,176874533,"tenx_nextgem"
"166",1649999578.99874,1358982065.02754,364842598.357221,364085217.183792,365601555.058068,177225940,"tenx_nextgem"
"167",1659999576.44721,1367218319.9671,365560505.580149,364788779.581292,366333864.1978,177574671,"tenx_nextgem"
"168",1669999573.89569,1375454574.90666,366271491.313879,365485242.270698,367059431.772981,177920039,"tenx_nextgem"
"169",1679999571.34417,1383690829.84622,366976700.972901,366175750.859829,367779403.034546,178262602,"tenx_nextgem"
"170",1689999568.79265,1391927084.78578,367676848.221708,366861019.227897,368494491.463728,178602705,"tenx_nextgem"
"171",1699999566.24112,1400163339.72534,368371992.844404,367541107.395969,369204756.642267,178940379,"tenx_nextgem"
"172",1709999563.6896,1408399594.6649,369062193.637973,368216074.417648,369910257.145321,179275651,"tenx_nextgem"
"173",1719999561.13808,1416635849.60446,369747508.433087,368885978.399718,370611050.562448,179608549,"tenx_nextgem"
"174",1729999558.58655,1424872104.54402,370427994.114398,369550876.521973,371307193.51834,179939102,"tenx_nextgem"
"175",1739999556.03503,1433108359.48358,371104108.227291,370211226.641992,371999143.279226,180267531,"tenx_nextgem"
"176",1749999553.48351,1441344614.42314,371774491.666106,370865669.989692,372685540.44766,180593177,"tenx_nextgem"
"177",1759999550.93199,1449580869.3627,372440210.689728,371515273.169841,373367450.966668,180916556,"tenx_nextgem"
"178",1769999548.38046,1457817124.30227,373101318.601229,372160089.851301,374044927.809417,181237696,"tenx_nextgem"
"179",1779999545.82894,1466053379.24183,373757867.852516,372800172.86826,374718023.08156,181556621,"tenx_nextgem"
"180",1789999543.27742,1474289634.18139,374409910.061718,373435574.237167,375386788.039091,181873357,"tenx_nextgem"
"181",1799999540.72589,1482525889.12095,375057496.030163,374066345.173206,376051273.105795,182187929,"tenx_nextgem"
"182",1809999538.17437,1490762144.06051,375700675.758921,374692536.10661,376711527.890027,182500360,"tenx_nextgem"
"183",1819999535.62285,1498998399.00007,376339498.464947,375314196.698106,377367601.201543,182810674,"tenx_nextgem"
"184",1829999533.07133,1507234653.93963,376974012.596825,375931375.854466,378019541.067427,183118896,"tenx_nextgem"
"185",1839999530.5198,1515470908.87919,377604265.850131,376544121.743278,378667394.748041,183425048,"tenx_nextgem"
"186",1849999527.96828,1523707163.81875,378230305.18242,377152481.807779,379311208.752162,183729153,"tenx_nextgem"
"187",1859999525.41676,1531943418.75831,378852176.827854,377756502.780759,379951028.852319,184031233,"tenx_nextgem"
"188",1869999522.86523,1540179673.69787,379469926.311475,378356230.698668,380586900.099233,184331311,"tenx_nextgem"
"189",1879999520.31371,1548415928.63744,380084507.364196,378952619.81218,381219775.733135,184629850,"tenx_nextgem"
"190",1889999517.76219,1556652183.577,380695133.74768,379544884.42218,381848869.020601,184926468,"tenx_nextgem"
"191",1899999515.21067,1564888438.51656,381301796.646771,380133016.26105,382474170.636657,185221160,"tenx_nextgem"
"192",1909999512.65914,1573124693.45612,381904538.894177,380717058.720141,383095722.892697,185513948,"tenx_nextgem"
"193",1919999510.10762,1581360948.39568,382503402.675316,381297054.554342,383713567.442057,185804852,"tenx_nextgem"
"194",1929999507.5561,1589597203.33524,383099514.094281,381874130.442273,384328829.840596,186094419,"tenx_nextgem"
"195",1939999505.00458,1597833458.2748,383691965.493223,382447379.320966,384940601.882123,186382209,"tenx_nextgem"
"196",1949999502.45305,1606069713.21436,384280680.842687,383016725.761706,385548806.97506,186668183,"tenx_nextgem"
"197",1959999499.90153,1614305968.15392,384865699.801709,383582210.033281,386153484.206181,186952362,"tenx_nextgem"
"198",1969999497.35001,1622542223.09348,385447061.440242,384143871.824715,386754672.063882,187234764,"tenx_nextgem"
"199",1979999494.79848,1630778478.03304,386024804.250291,384701750.255955,387352408.449741,187515408,"tenx_nextgem"
"200",1989999492.24696,1639014732.9726,386598966.156784,385255883.888582,387946730.689566,187794313,"tenx_nextgem"
"201",1999999489.69544,1647250987.91216,387169584.528206,385806310.736077,388537675.544368,188071497,"tenx_nextgem"
"202",0,0,0,0,0,0,"leukopak"
"203",9999998.97421043,7120737.04054881,6380218.8819529,6230824.97641844,6533194.74318267,4023539,"leukopak"
"204",19999997.9484209,14241474.0810976,12081469.006012,11930347.1920421,12234505.0813432,7618902,"leukopak"
"205",29999996.9226313,21362211.1216464,17255201.6950779,17122297.9544222,17389137.0381697,10881599,"leukopak"
"206",39999995.8968417,28482948.1621952,22003829.1798225,21892161.0622131,22116066.8971371,13876213,"leukopak"
"207",49999994.8710522,35603685.202744,26399845.0477664,26306642.8726077,26493377.4302228,16648460,"leukopak"
"208",59999993.8452626,42724422.2432928,30496714.3449852,30417928.0746171,30575704.6817311,19232057,"leukopak"
"209",69999992.819473,49845159.2838416,34335526.8743354,34267433.8131873,34403755.243689,21652917,"leukopak"
"210",79999991.7936835,56965896.3243904,37948067.0380351,37887736.1198932,38008494.0247219,23931083,"leukopak"
"211",89999990.7678939,64086633.3649393,41360152.1075411,41305455.5229484,41414921.1212193,26082836,"leukopak"
"212",99999989.7421043,71207370.4054881,44592265.3142208,44541728.0732828,44642859.8949351,28121095,"leukopak"
"213",109999988.716315,78328107.4460369,47660461.7703439,47613081.8146184,47707888.8740406,30055983,"leukopak"
"214",119999987.690525,85448844.4865857,50582863.6975847,50537958.5666789,50627808.7286138,31898929,"leukopak"
"215",129999986.664736,92569581.5271345,53370091.6893611,53327186.524711,53413031.3739864,33656631,"leukopak"
"216",139999985.638946,99690318.5676833,56034000.0230993,55992752.6912248,56075277.7400202,35336564,"leukopak"
"217",149999984.613156,106811055.608232,58583430.1229979,58543583.6988456,58623303.6677571,36944304,"leukopak"
"218",159999983.587367,113931792.648781,61027150.023426,60988503.4579528,61065821.078056,38485380,"leukopak"
"219",169999982.561577,121052529.68933,63372993.9199599,63335384.10169,63410626.0716924,39964733,"leukopak"
"220",179999981.535788,128173266.729879,65627385.5140202,65590676.2310203,65664115.3421881,41386414,"leukopak"
"221",189999980.509998,135294003.770427,67796509.4810091,67760584.48968,67832453.5188829,42754322,"leukopak"
"222",199999979.484209,142414740.810976,69885447.1416297,69850205.6696425,69920706.3939703,44071663,"leukopak"
"223",209999978.458419,149535477.851525,71899330.9135853,71864684.6148055,71933993.915507,45341673,"leukopak"
"224",219999977.432629,156656214.892074,73842695.5633704,73808566.3549381,73876840.5532076,46567212,"leukopak"
"225",229999976.40684,163776951.932623,75719461.0661725,75685779.51815,75753157.6030963,47750751,"leukopak"
"226",239999975.38105,170897688.973171,77533333.1917533,77500037.2763785,77566643.4118693,48894628,"leukopak"
"227",249999974.355261,178018426.01372,79287762.8781211,79254796.9643897,79320742.5039748,50001019,"leukopak"
"228",259999973.329471,185139163.054269,80985937.6850767,80953251.7090702,81018636.8584904,51071935,"leukopak"
"229",269999972.303682,192259900.094818,82630738.7572021,82598287.5238333,82663202.7400187,52109191,"leukopak"
"230",279999971.277892,199380637.135367,84224885.5025872,84192628.0896308,84257155.2745911,53114503,"leukopak"
"231",289999970.252102,206501374.175915,85770870.328352,85738769.5722063,85802983.1030811,54089443,"leukopak"
"232",299999969.226313,213622111.216464,87271114.2606131,87239136.3092497,87303103.9336579,55035538,"leukopak"
"233",309999968.200523,220742848.257013,88727804.9275502,88695918.8491399,88759702.4689681,55954167,"leukopak"
"234",319999967.174734,227863585.297562,90142984.6932248,90111162.132239,90174818.4922788,56846618,"leukopak"
"235",329999966.148944,234984322.338111,91518563.3514915,91486778.2251665,91550359.5208796,57714095,"leukopak"
"236",339999965.123155,242105059.378659,92856329.414144,92824557.6433348,92888112.05972,58557727,"leukopak"
"237",349999964.097365,249225796.419208,94157960.1838322,94126179.4538566,94189751.6442422,59378570,"leukopak"
"238",359999963.071576,256346533.459757,95425058.8920423,95393248.440238,95456879.9515664,60177637,"leukopak"
"239",369999962.045786,263467270.500306,96659153.2896841,96627293.7153199,96691023.368663,60955891,"leukopak"
"240",379999961.019996,270588007.540855,97861574.7172825,97829647.8123409,97893512.0416345,61714170,"leukopak"
"241",389999959.994207,277708744.581403,99033630.3333279,99001618.9302143,99065652.0870796,62453301,"leukopak"
"242",399999958.968417,284829481.621952,100176555.076185,100144442.912496,100208677.536912,63174060,"leukopak"
"243",409999957.942628,291950218.662501,101291519.383309,101259290.979911,101323758.044234,63877187,"leukopak"
"244",419999956.916838,299070955.70305,102379629.749465,102347270.301153,102411999.428963,64563379,"leukopak"
"245",429999955.891049,306191692.743599,103441933.208908,103409428.486556,103474448.14848,65233296,"leukopak"
"246",439999954.865259,313312429.784148,104479457.341768,104446793.604854,104512131.293641,65887587,"leukopak"
"247",449999953.839469,320433166.824696,105493181.290249,105460345.207415,105526027.596911,66526869,"leukopak"
"248",459999952.81368,327553903.865245,106483927.902518,106450906.480742,106516959.567648,67151661,"leukopak"
"249",469999951.78789,334674640.905794,107452544.136729,107419324.657736,107485773.888862,67762497,"leukopak"
"250",479999950.762101,341795377.946343,108399834.791959,108366404.754872,108433275.141903,68359884,"leukopak"
"251",489999949.736311,348916114.986892,109326432.436613,109292779.50623,109360095.72925,68944221,"leukopak"
"252",499999948.710522,356036852.02744,110233174.414218,110199286.374171,110267072.875378,69516038,"leukopak"
"253",509999947.684732,363157589.067989,111120770.226245,111086634.937162,111154916.0046,70075780,"leukopak"
"254",519999946.658943,370278326.108538,111989876.905215,111955482.266842,112024282.110209,70623862,"leukopak"
"255",529999945.633153,377399063.149087,112841084.160062,112806418.076056,112875760.897163,71160656,"leukopak"
"256",539999944.607363,384519800.189636,113675056.166531,113640106.513721,113710016.567996,71686582,"leukopak"
"257",549999943.581574,391640537.230184,114492440.802241,114457195.401298,114527697.056485,72202047,"leukopak"
"258",559999942.555784,398761274.270733,115293628.086125,115258074.675948,115329192.463385,72707297,"leukopak"
"259",569999941.529995,405882011.311282,116079110.130423,116043236.343293,116114995.007632,73202644,"leukopak"
"260",579999940.504205,413002748.351831,116849481.353771,116813274.693236,116885699.23668,73688461,"leukopak"
"261",589999939.478415,420123485.39238,117605221.278989,117568669.099471,117641784.822605,74165051,"leukopak"
"262",599999938.452626,427244222.432928,118346917.293707,118310006.780445,118383839.32236,74632785,"leukopak"
"263",609999937.426836,434364959.473477,119074913.046754,119037631.198352,119112206.571599,75091879,"leukopak"
"264",619999936.401047,441485696.514026,119789557.241086,119751890.851814,119827235.477829,75542553,"leukopak"
"265",629999935.375257,448606433.554575,120491410.484133,120453346.127912,120529486.869038,75985160,"leukopak"
"266",639999934.349468,455727170.595124,121180691.782547,121142215.797622,121219179.987832,76419840,"leukopak"
"267",649999933.323678,462847907.635672,121857829.164112,121818927.63838,121896743.112616,76846861,"leukopak"
"268",659999932.297889,469968644.676221,122523179.666204,122483838.422402,122562533.546231,77266449,"leukopak"
"269",669999931.272099,477089381.71677,123177035.619056,123137240.20204,123216843.897131,77678789,"leukopak"
"270",679999930.246309,484210118.757319,123819704.897354,123779440.560051,123859982.332284,78084073,"leukopak"
"271",689999929.22052,491330855.797868,124451574.485557,124410826.176528,124492336.14089,78482547,"leukopak"
"272",699999928.19473,498451592.838416,125072998.414561,125031750.765745,125114259.670868,78874434,"leukopak"
"273",709999927.168941,505572329.878965,125684133.781078,125642371.09567,125725910.348123,79259833,"leukopak"
"274",719999926.143151,512693066.919514,126285323.411773,126243029.65205,126327631.34069,79638959,"leukopak"
"275",729999925.117362,519813803.960063,126877235.753663,126834394.530116,126920091.447815,80012235,"leukopak"
"276",739999924.091572,526934541.000612,127459787.956201,127416382.516111,127503208.182712,80379609,"leukopak"
"277",749999923.065782,534055278.04116,128032972.189759,127988985.406466,128076974.090269,80741074,"leukopak"
"278",759999922.039993,541176015.081709,128597269.469539,128552683.831546,128641870.571068,81096935,"leukopak"
"279",769999921.014203,548296752.122258,129153067.788811,129107865.390177,129198286.013413,81447437,"leukopak"
"280",779999919.988414,555417489.162807,129700404.954903,129654567.484457,129746258.630513,81792603,"leukopak"
"281",789999918.962624,562538226.203356,130239542.908787,130193051.64123,130286050.778136,82132598,"leukopak"
"282",799999917.936835,569658963.243904,130770424.503481,130723260.289387,130817605.734156,82467386,"leukopak"
"283",809999916.911045,576779700.284453,131293365.181966,131245508.43911,131341239.375078,82797167,"leukopak"
"284",819999915.885255,583900437.325002,131808983.436194,131760414.140536,131857570.635381,83122330,"leukopak"
"285",829999914.859466,591021174.365551,132317229.253069,132267926.93019,132366549.953184,83442843,"leukopak"
"286",839999913.833676,598141911.4061,132818293.126207,132768236.843467,132868368.281167,83758828,"leukopak"
"287",849999912.807887,605262648.446648,133312575.441064,133261743.799562,133363426.471895,84070536,"leukopak"
"288",859999911.782097,612383385.487197,133800000.505639,133748371.632451,133851649.308344,84377919,"leukopak"
"289",869999910.756308,619504122.527746,134280734.442434,134228285.983782,134333203.394836,84681083,"leukopak"
"290",879999909.730518,626624859.568295,134755051.274458,134701760.38859,134808363.243335,84980200,"leukopak"
"291",889999908.704728,633745596.608844,135222831.643409,135168674.993998,135277009.99121,85275195,"leukopak"
"292",899999907.678939,640866333.649393,135684177.135217,135629130.884815,135739245.726614,85566132,"leukopak"
"293",909999906.653149,647987070.689941,136139625.984008,136083665.788434,136195609.191479,85853351,"leukopak"
"294",919999905.62736,655107807.73049,136589335.384548,136532436.386591,136646258.094789,86136950,"leukopak"
"295",929999904.60157,662228544.771039,137032934.154941,136975070.979602,137090821.773758,86416695,"leukopak"
"296",939999903.575781,669349281.811588,137470371.596808,137411518.345708,137529250.054712,86692555,"leukopak"
"297",949999902.549991,676470018.852136,137902453.407824,137842583.654136,137962349.164995,86965038,"leukopak"
"298",959999901.524202,683590755.892685,138329142.513285,138268229.297361,138390082.564151,87234119,"leukopak"
"299",969999900.498412,690711492.933234,138750708.386357,138688724.211455,138812720.263856,87499970,"leukopak"
"300",979999899.472622,697832229.973783,139166848.750888,139103765.57856,139229960.53126,87762400,"leukopak"
"301",989999898.446833,704952967.014332,139578102.041765,139513891.288363,139642342.347929,88021747,"leukopak"
"302",999999897.421043,712073704.054881,139984506.314063,139919138.847034,140049904.319485,88278037,"leukopak"
"303",1009999896.39525,719194441.095429,140386056.0008,140319502.134936,140452641.433318,88531265,"leukopak"
"304",1019999895.36946,726315178.135978,140782855.110408,140715084.604879,140850658.255235,88781497,"leukopak"
"305",1029999894.34367,733435915.176527,141174966.281319,141105948.336473,141244017.984322,89028773,"leukopak"
"306",1039999893.31789,740556652.217076,141562420.203799,141492123.4584,141632751.87434,89273112,"leukopak"
"307",1049999892.2921,747677389.257625,141945671.453952,141874063.982617,142017315.06741,89514801,"leukopak"
"308",1059999891.26631,754798126.298174,142324564.501087,142251613.8117,142397552.601671,89753741,"leukopak"
"309",1069999890.24052,761918863.338722,142699423.018554,142625096.049973,142773788.721541,89990137,"leukopak"
"310",1079999889.21473,769039600.379271,143069539.916944,142993803.037109,143145316.910929,90223543,"leukopak"
"311",1089999888.18894,776160337.41982,143435535.747142,143358354.750951,143512758.295891,90454350,"leukopak"
"312",1099999887.16315,783281074.460369,143797607.806527,143718947.914173,143876310.750816,90682682,"leukopak"
"313",1109999886.13736,790401811.500918,144156087.384723,144075913.240135,144236306.14394,90908749,"leukopak"
"314",1119999885.11157,797522548.541466,144510335.52459,144428611.194026,144592106.098527,91132148,"leukopak"
"315",1129999884.08578,804643285.582015,144861625.842208,144778314.812882,144944984.811916,91353681,"leukopak"
"316",1139999883.05999,811764022.622564,145208684.128079,145123749.307347,145293668.657586,91572545,"leukopak"
"317",1149999882.0342,818884759.663113,145551956.753952,145465360.4684,145638604.590724,91789022,"leukopak"
"318",1159999881.00841,826005496.703661,145891668.287098,145803372.28146,145980017.763274,92003254,"leukopak"
"319",1169999879.98262,833126233.74421,146227887.382445,146137852.819275,146317977.415313,92215283,"leukopak"
"320",1179999878.95683,840246970.784759,146560537.317725,146468724.776981,146652407.410295,92425061,"leukopak"
"321",1189999877.93104,847367707.825308,146889924.614434,146796294.093271,146983614.855595,92632781,"leukopak"
"322",1199999876.90525,854488444.865857,147216250.231645,147120761.144016,147311801.296697,92838571,"leukopak"
"323",1209999875.87946,861609181.906406,147539151.37181,147441762.548998,147636604.522276,93042201,"leukopak"
"324",1219999874.85367,868729918.946954,147858877.764504,147759547.455113,147958274.847992,93243830,"leukopak"
"325",1229999873.82788,875850655.987503,148175564.86522,148074250.735739,148276948.315009,93443541,"leukopak"
"326",1239999872.80209,882971393.028052,148489321.677865,148385980.813131,148592734.512567,93641405,"leukopak"
"327",1249999871.7763,890092130.068601,148799861.700029,148694450.604028,148905347.52309,93837240,"leukopak"
"328",1259999870.75051,897212867.10915,149107190.018243,148999664.61534,149214793.016704,94031049,"leukopak"
"329",1269999869.72473,904333604.149698,149411895.931008,149302211.566487,149521660.874776,94223205,"leukopak"
"330",1279999868.69894,911454341.190247,149713758.752026,149601870.193941,149825730.99255,94413568,"leukopak"
"331",1289999867.67315,918575078.230796,150012829.128193,149898690.568623,150127054.5972,94602170,"leukopak"
"332",1299999866.64736,925695815.271345,150309124.926472,150192689.983115,150425650.134515,94789022,"leukopak"
"333",1309999865.62157,932816552.311894,150602589.283751,150483811.001967,150721461.318346,94974089,"leukopak"
"334",1319999864.59578,939937289.352442,150893398.72413,150772229.578623,151014665.248059,95157481,"leukopak"
"335",1329999863.56999,947058026.392991,151181599.181849,151057991.079239,151305308.4308,95339228,"leukopak"
"336",1339999862.5442,954178763.43354,151467235.513798,151341139.794678,151593436.294439,95519358,"leukopak"
"337",1349999861.51841,961299500.474089,151750351.531034,151621718.97264,151879093.218485,95697899,"leukopak"
"338",1359999860.49262,968420237.514638,152030990.029196,151899770.848165,152162322.564403,95874877,"leukopak"
"339",1369999859.46683,975540974.555186,152309192.817857,152175336.673083,152443166.704887,96050319,"leukopak"
"340",1379999858.44104,982661711.595735,152585000.748869,152448456.7445,152721667.05205,96224251,"leukopak"
"341",1389999857.41525,989782448.636284,152858453.743728,152719170.432586,152997864.084377,96396698,"leukopak"
"342",1399999856.38946,996903185.676833,153129590.820003,152987516.206816,153271797.373339,96567685,"leukopak"
"343",1409999855.36367,1004023922.71738,153398450.116871,153253531.661956,153543505.608489,96737235,"leukopak"
"344",1419999854.33788,1011144659.75793,153665090.518314,153517275.141289,153813048.220596,96905385,"leukopak"
"345",1429999853.31209,1018265396.79848,153929755.540677,153778989.624265,154080669.268969,97072290,"leukopak"
"346",1439999852.2863,1025386133.83903,154192256.839607,154038486.233897,154346180.948509,97237831,"leukopak"
"347",1449999851.26051,1032506870.87958,154452540.968908,154295710.995525,154609530.348151,97401973,"leukopak"
"348",1459999850.23472,1039627607.92013,154710609.037508,154550664.494012,154870719.107674,97564718,"leukopak"
"349",1469999849.20893,1046748344.96067,154966613.33416,154803498.498456,155129900.042269,97726161,"leukopak"
"350",1479999848.18314,1053869082.00122,155220556.609935,155054215.245034,155387076.424996,97886304,"leukopak"
"351",1489999847.15735,1060989819.04177,155472770.072518,155303145.431156,155642579.980693,98045357,"leukopak"
"352",1499999846.13156,1068110556.08232,155723018.901434,155550053.731335,155896176.401585,98203171,"leukopak"
"353",1509999845.10578,1075231293.12287,155971333.706397,155794970.255239,156147896.804994,98359765,"leukopak"
"354",1519999844.07999,1082352030.16342,156217744.448814,156037924.469508,156397771.654826,98515158,"leukopak"
"355",1529999843.0542,1089472767.20397,156462280.458917,156278945.214772,156645830.778815,98669369,"leukopak"
"356",1539999842.02841,1096593504.24452,156704970.452345,156518060.722687,156892103.38466,98822416,"leukopak"
"357",1549999841.00262,1103714241.28506,156945842.546214,156755298.631892,157136618.076204,98974317,"leukopak"
"358",1559999839.97683,1110834978.32561,157184924.27468,156990686.003846,157379402.868726,99125088,"leukopak"
"359",1569999838.95104,1117955715.36616,157421916.158859,157223922.892918,157620158.759206,99274542,"leukopak"
"360",1579999837.92525,1125076452.40671,157656210.063551,157454400.703333,157858278.082896,99422294,"leukopak"
"361",1589999836.89946,1132197189.44726,157888749.427999,157683062.418724,158094704.742221,99568939,"leukopak"
"362",1599999835.87367,1139317926.48781,158119559.060869,157909932.398625,158329464.004136,99714494,"leukopak"
"363",1609999834.84788,1146438663.52836,158349205.806837,158135577.044558,158563123.164818,99859316,"leukopak"
"364",1619999833.82209,1153559400.56891,158577717.07885,158360023.332815,158795710.083284,100003421,"leukopak"
"365",1629999832.7963,1160680137.60946,158804609.730427,158582787.687218,159026742.053331,100146506,"leukopak"
"366",1639999831.77051,1167800874.65,159030445.415551,158804431.337422,159256781.162056,100288924,"leukopak"
"367",1649999830.74472,1174921611.69055,159254707.983472,159024437.715815,159485311.686649,100430350,"leukopak"
"368",1659999829.71893,1182042348.7311,159477360.407937,159242769.38552,159712297.021855,100570761,"leukopak"
"369",1669999828.69314,1189163085.77165,159698495.992243,159459519.24557,159937830.885522,100710215,"leukopak"
"370",1679999827.66735,1196283822.8122,159918136.379621,159674708.541797,160161935.328892,100848726,"leukopak"
"371",1689999826.64156,1203404559.85275,160136302.793471,159888358.106714,160384631.977062,100986308,"leukopak"
"372",1699999825.61577,1210525296.8933,160352745.430407,160100217.753276,160605671.421972,101122802,"leukopak"
"373",1709999824.58998,1217646033.93385,160567448.240289,160310271.054293,160825038.001876,101258200,"leukopak"
"374",1719999823.56419,1224766770.97439,160780725.803093,160518832.218905,161043046.678262,101392698,"leukopak"
"375",1729999822.5384,1231887508.01494,160992597.696984,160725920.461837,161259717.404308,101526311,"leukopak"
"376",1739999821.51262,1239008245.05549,161203243.325718,160931714.82999,161475229.951928,101659149,"leukopak"
"377",1749999820.48683,1246128982.09604,161413099.065386,161136651.349135,161690021.058218,101791490,"leukopak"
"378",1759999819.46104,1253249719.13659,161621617.32499,161340182.086356,161903543.487785,101922987,"leukopak"
"379",1769999818.43525,1260370456.17714,161828784.053208,161542292.654628,162115783.537443,102053632,"leukopak"
"380",1779999817.40946,1267491193.21769,162032262.712508,161740646.191371,162324405.014872,102181952,"leukopak"
"381",1789999816.38367,1274611930.25824,162235360.786732,161938549.853597,162532715.733199,102310031,"leukopak"
"382",1799999815.35788,1281732667.29879,162438529.155706,162136454.205406,162741166.899093,102438154,"leukopak"
"383",1809999814.33209,1288853404.33933,162640550.655503,162333141.777081,162948541.671483,102565555,"leukopak"
"384",1819999813.3063,1295974141.37988,162841333.306817,162528520.288732,163154748.385291,102692174,"leukopak"
"385",1829999812.28051,1303094878.42043,163040893.268881,162722605.605761,163359803.507064,102818022,"leukopak"
"386",1839999811.25472,1310215615.46098,163239246.408008,162915413.307699,163563723.203563,102943108,"leukopak"
"387",1849999810.22893,1317336352.50153,163436245.46477,163106795.85569,163766360.509306,103067341,"leukopak"
"388",1859999809.20314,1324457089.54208,163631598.524871,163296461.063233,163967423.797606,103190536,"leukopak"
"389",1869999808.17735,1331577826.58263,163825784.272371,163484887.347637,164167392.031698,103312995,"leukopak"
"390",1879999807.15156,1338698563.62318,164018817.51724,163672089.259955,164366280.294899,103434727,"leukopak"
"391",1889999806.12577,1345819300.66372,164210712.80796,163858081.096662,164564103.40233,103555742,"leukopak"
"392",1899999805.09998,1352940037.70427,164401484.437311,164042876.905419,164760875.906697,103676047,"leukopak"
"393",1909999804.07419,1360060774.74482,164591146.447987,164226490.490739,164956612.103882,103795653,"leukopak"
"394",1919999803.0484,1367181511.78537,164779712.638081,164408935.419296,165151326.038584,103914568,"leukopak"
"395",1929999802.02261,1374302248.82592,164967196.566414,164590225.025432,165345031.509477,104032801,"leukopak"
"396",1939999800.99682,1381422985.86647,165153611.557733,164770372.416047,165537742.074716,104150359,"leukopak"
"397",1949999799.97103,1388543722.90702,165338970.707765,164949390.475921,165729471.056722,104267252,"leukopak"
"398",1959999798.94524,1395664459.94757,165522877.927276,165126882.912706,165919822.587651,104383229,"leukopak"
"399",1969999797.91945,1402785196.98811,165704926.299055,165302442.61291,166108389.965382,104498033,"leukopak"
"400",1979999796.89367,1409905934.02866,165887275.373176,165478228.92937,166297332.940888,104613027,"leukopak"
"401",1989999795.86788,1417026671.06921,166068620.262026,165652936.793897,166485346.831165,104727389,"leukopak"
"402",1999999794.84209,1424147408.10976,166247596.454222,165825201.521771,166671067.323728,104840256,"leukopak"
"403",0,0,0,0,0,0,"high_neutrophil"
"404",9999999.89314335,6680173.24709929,6604619.40523371,6560385.68706755,6649151.37138652,1059978,"high_neutrophil"
"405",19999999.7862867,13360346.4941986,13082674.8267621,13007423.3369473,13158361.666959,2099643,"high_neutrophil"
"406",29999999.6794301,20040519.7412979,19447275.4423886,19349397.7079797,19545648.2852777,3121101,"high_neutrophil"
"407",39999999.5725734,26720692.9883972,25708823.6830736,25593913.2976137,25824249.987945,4126019,"high_neutrophil"
"408",49999999.4657168,33400866.2354965,31874708.1658597,31746640.147117,32003292.8193502,5115584,"high_neutrophil"
"409",59999999.3588601,40081039.4825957,37951491.7281831,37813037.456999,38090452.9563983,6090850,"high_neutrophil"
"410",69999999.2520035,46761212.729695,43944411.5239881,43797607.6551929,44091707.4602054,7052656,"high_neutrophil"
"411",79999999.1451468,53441385.9767943,49857436.5910368,49703815.6441395,50011532.3384099,8001639,"high_neutrophil"
"412",89999999.0382902,60121559.2238936,55694961.8253979,55535701.2603386,55854679.1043729,8938506,"high_neutrophil"
"413",99999998.9314335,66801732.4709929,61459582.6434968,61295604.0421347,61623999.9220223,9863673,"high_neutrophil"
"414",109999998.824577,73481905.7180922,67154362.1696724,66986398.8579571,67322746.6366455,10777630,"high_neutrophil"
"415",119999998.71772,80162078.9651915,72781955.7227917,72610599.9037811,72953715.9292712,11680805,"high_neutrophil"
"416",129999998.610864,86842252.2122908,78344664.3269436,78170400.5826857,78519316.5539563,12573566,"high_neutrophil"
"417",139999998.504007,93522425.4593901,83844700.683879,83667930.2193493,84021844.6224153,13456269,"high_neutrophil"
"418",149999998.39715,100202598.706489,89283926.7873442,89104985.2689345,89463227.6578925,14329213,"high_neutrophil"
"419",159999998.290294,106882771.953589,94664005.6011145,94483176.4848354,94845180.8019613,15192664,"high_neutrophil"
"420",169999998.183437,113562945.200688,99986890.2773094,99804414.9107184,100169699.269015,16046936,"high_neutrophil"
"421",179999998.07658,120243118.447787,105253994.22336,105070079.607939,105438230.762833,16892255,"high_neutrophil"
"422",189999997.969724,126923291.694887,110466688.462892,110281513.29232,110652174.563582,17728843,"high_neutrophil"
"423",199999997.862867,133603464.941986,115626276.692414,115439996.106019,115812857.871827,18556907,"high_neutrophil"
"424",209999997.75601,140283638.189085,120734169.039735,120546918.405667,120921710.538143,19376675,"high_neutrophil"
"425",219999997.649154,146963811.436184,125791686.862188,125603584.819944,125980070.603226,20188358,"high_neutrophil"
"426",229999997.542297,153643984.683284,130799789.903051,130610940.833742,130988912.027364,20992110,"high_neutrophil"
"427",239999997.43544,160324157.930383,135759459.65883,135569955.708089,135949228.504157,21788089,"high_neutrophil"
"428",249999997.328584,167004331.177482,140671874.285402,140481797.034014,140862208.71859,22576485,"high_neutrophil"
"429",259999997.221727,173684504.424582,145538023.574913,145347445.429359,145728851.604663,23357455,"high_neutrophil"
"430",269999997.114871,180364677.671681,150358853.698884,150167839.056885,150550111.312972,24131152,"high_neutrophil"
"431",279999997.008014,187044850.91878,155135270.677056,154943876.910545,155326900.861906,24897721,"high_neutrophil"
"432",289999996.901157,193725024.165879,159868143.446975,159676421.736916,160060095.355166,25657302,"high_neutrophil"
"433",299999996.794301,200405197.412979,164558306.592595,164366302.641309,164750534.832661,26410028,"high_neutrophil"
"434",309999996.687444,207085370.660078,169206562.7801,169014317.422901,169399026.806806,27156028,"high_neutrophil"
"435",319999996.580587,213765543.907177,173813684.940985,173621234.673692,174006348.529567,27895427,"high_neutrophil"
"436",329999996.473731,220445717.154277,178380418.235962,178187795.671944,178573249.026655,28628344,"high_neutrophil"
"437",339999996.366874,227125890.401376,182907481.827879,182714716.096018,183100450.929387,29354894,"high_neutrophil"
"438",349999996.260017,233806063.648475,187395678.301773,187202795.394111,187588759.944801,30075207,"high_neutrophil"
"439",359999996.153161,240486236.895574,191845580.910111,191652603.987077,192038752.143537,30789374,"high_neutrophil"
"440",369999996.046304,247166410.142674,196257812.602179,196064762.26144,196451053.025182,31497494,"high_neutrophil"
"441",379999995.939447,253846583.389773,200633005.920586,200439900.434431,200826297.446192,32199671,"high_neutrophil"
"442",389999995.832591,260526756.636872,204971773.788162,204778629.314008,205165100.433609,32896001,"high_neutrophil"
"443",399999995.725734,267206929.883972,209274710.568641,209081541.336437,209468058.268786,33586582,"high_neutrophil"
"444",409999995.618877,273887103.131071,213542393.042823,213349211.522267,213735749.483641,34271504,"high_neutrophil"
"445",419999995.512021,280567276.37817,217775381.308787,217582198.358537,217968735.778823,34950858,"high_neutrophil"
"446",429999995.405164,287247449.62527,221974219.613735,221781044.615873,222167562.870249,35624731,"high_neutrophil"
"447",439999995.298307,293927622.872369,226139437.124134,225946278.104531,226332761.273286,36293208,"high_neutrophil"
"448",449999995.191451,300607796.119468,230271526.124891,230078389.861783,230464824.513682,36956369,"high_neutrophil"
"449",459999995.084594,307287969.366567,234370986.186532,234177878.309018,234564253.304761,37614293,"high_neutrophil"
"450",469999994.977738,313968142.613667,238438332.660576,238245257.737136,238631564.052716,38267063,"high_neutrophil"
"451",479999994.870881,320648315.860766,242474049.091847,242281010.711322,242667241.276487,38914757,"high_neutrophil"
"452",489999994.764024,327328489.107865,246478632.367228,246285633.211556,246671782.764667,39557454,"high_neutrophil"
"453",499999994.657168,334008662.354964,250452493.975415,250259535.886568,250645600.841106,40195220,"high_neutrophil"
"454",509999994.550311,340688835.602064,254396161.944826,254203245.985381,254589224.309039,40828141,"high_neutrophil"
"455",519999994.443454,347369008.849163,258309969.520775,258117096.029399,258502987.133498,41456270,"high_neutrophil"
"456",529999994.336598,354049182.096262,262194297.59802,262001466.239809,262387270.878844,42079667,"high_neutrophil"
"457",539999994.229741,360729355.343362,266049605.879263,265856815.692039,266242535.871278,42698407,"high_neutrophil"
"458",549999994.122884,367409528.590461,269876295.653308,269683545.089926,270069183.981046,43312554,"high_neutrophil"
"459",559999994.016028,374089701.83756,273674759.178322,273482046.145476,273867608.009161,43922171,"high_neutrophil"
"460",569999993.909171,380769875.08466,277445380.009574,277252701.90299,277638192.018741,44527320,"high_neutrophil"
"461",579999993.802315,387450048.331759,281188533.309253,280995887.046206,281381311.64748,45128060,"high_neutrophil"
"462",589999993.695458,394130221.578858,284904599.543144,284711981.592056,285097347.807241,45724453,"high_neutrophil"
"463",599999993.588601,400810394.825957,288593943.748819,288401350.156588,288786665.954497,46316557,"high_neutrophil"
"464",609999993.481745,407490568.073057,292256860.531419,292064286.948544,292449561.088342,46904420,"high_neutrophil"
"465",619999993.374888,414170741.320156,295893637.212382,295701078.915226,296086320.90204,47488088,"high_neutrophil"
"466",629999993.268031,420850914.567255,299504702.010727,299312153.922316,299697373.965696,48067629,"high_neutrophil"
"467",639999993.161175,427531087.814355,303090385.371848,302897842.081434,303283051.056394,48643097,"high_neutrophil"
"468",649999993.054318,434211261.061454,306651011.112391,306458466.891911,306843676.306122,49214543,"high_neutrophil"
"469",659999992.947461,440891434.308553,310186896.62431,309994345.444548,310379567.406114,49782019,"high_neutrophil"
"470",669999992.840605,447571607.555652,313698353.06968,313505788.614247,313891035.803853,50345574,"high_neutrophil"
"471",679999992.733748,454251780.802752,317185685.566843,316993101.245292,317378386.89006,50905257,"high_neutrophil"
"472",689999992.626891,460931954.049851,320649193.368402,320456582.327357,320841920.178681,51461117,"high_neutrophil"
"473",699999992.520035,467612127.29695,324089170.03155,323896525.165393,324281929.477647,52013200,"high_neutrophil"
"474",709999992.413178,474292300.54405,327505903.581182,327313217.541407,327698703.053316,52561553,"high_neutrophil"
"475",719999992.306322,480972473.791149,330899676.666203,330706941.868801,331092523.788741,53106221,"high_neutrophil"
"476",729999992.199465,487652647.038248,334270766.709415,334077975.343022,334463669.332801,53647249,"high_neutrophil"
"477",739999992.092608,494332820.285347,337619446.051346,337426590.082717,337812412.24669,54184679,"high_neutrophil"
"478",749999991.985752,501012993.532447,340945982.08835,340753053.268205,341139020.141647,54718557,"high_neutrophil"
"479",759999991.878895,507693166.779546,344250637.405285,344057627.2723,344443755.813478,55248922,"high_neutrophil"
"480",769999991.772038,514373340.026645,347533669.90306,347340569.788096,347726877.369878,55775817,"high_neutrophil"
"481",779999991.665182,521053513.273745,350795332.921324,350602133.950008,350988638.35475,56299283,"high_neutrophil"
"482",789999991.558325,527733686.520844,354035812.143562,353842505.238234,354229224.653951,56819349,"high_neutrophil"
"483",799999991.451468,534413859.767943,357255366.856552,357061942.738727,357448895.754206,57336056,"high_neutrophil"
"484",809999991.344612,541094033.015043,360454285.287965,360260734.478631,360647940.082862,57849452,"high_neutrophil"
"485",819999991.237755,547774206.262142,363632803.800089,363439116.619438,363826594.202221,58359574,"high_neutrophil"
"486",829999991.130898,554454379.509241,366791177.797143,366597344.365789,366985113.715324,58866462,"high_neutrophil"
"487",839999991.024042,561134552.75634,369929746.363278,369735756.599652,370123837.907777,59370172,"high_neutrophil"
"488",849999990.917185,567814726.00344,373048602.854929,372854446.475332,373242860.337517,59870719,"high_neutrophil"
"489",859999990.810328,574494899.250539,376147968.135669,375953634.651362,376342402.072531,60368137,"high_neutrophil"
"490",869999990.703472,581175072.497638,379228059.433786,379033538.149219,379422680.547328,60862462,"high_neutrophil"
"491",879999990.596615,587855245.744738,382289090.427788,382094370.437551,382483909.649727,61353729,"high_neutrophil"
"492",889999990.489758,594535418.991837,385331271.329093,385136341.514814,385526299.803583,61841969,"high_neutrophil"
"493",899999990.382902,601215592.238936,388354808.962005,388159657.987889,388550058.050136,62327218,"high_neutrophil"
"494",909999990.276045,607895765.486035,391359699.114194,391164315.423829,391555180.397271,62809474,"high_neutrophil"
"495",919999990.169188,614575938.733135,394346615.288118,394150987.099179,394542340.572813,63288846,"high_neutrophil"
"496",929999990.062332,621256111.980234,397315822.549897,397119937.85003,397511803.872503,63765375,"high_neutrophil"
"497",939999989.955475,627936285.227333,400266628.718393,400070475.259067,400462878.351224,64238951,"high_neutrophil"
"498",949999989.848619,634616458.474433,403199949.206445,403003514.498232,403396479.662196,64709721,"high_neutrophil"
"499",959999989.741762,641296631.721532,406115798.030252,405919069.336385,406312622.068689,65177686,"high_neutrophil"
"500",969999989.634905,647976804.968631,409014360.224069,408817324.553674,409211490.858774,65642878,"high_neutrophil"
"501",979999989.528049,654656978.215731,411895817.989496,411698462.092295,412093268.493197,66105324,"high_neutrophil"
"502",989999989.421192,661337151.46283,414760350.755852,414562661.113718,414958134.668885,66565054,"high_neutrophil"
"503",999999989.314335,668017324.709929,417608135.238777,417410098.060647,417806266.374202,67022096,"high_neutrophil"
"504",1009999989.20748,674697497.957028,420439345.49714,420240946.709095,420637837.950687,67476478,"high_neutrophil"
"505",1019999989.10062,681377671.204128,423254152.988322,423055378.228392,423453021.143602,67928228,"high_neutrophil"
"506",1029999988.99377,688057844.451227,426052726.62192,425853561.230134,426251985.160405,68377372,"high_neutrophil"
"507",1039999988.88691,694738017.698326,428835232.811953,428635661.823406,429034896.719925,68823938,"high_neutrophil"
"508",1049999988.78005,701418190.945426,431601835.527604,431401843.663853,431801920.104787,69267951,"high_neutrophil"
"509",1059999988.6732,708098364.192525,434352696.342572,434152268.002663,434553217.211122,69709437,"high_neutrophil"
"510",1069999988.56634,714778537.439624,437087974.483072,436887093.735628,437288947.595512,70148423,"high_neutrophil"
"511",1079999988.45948,721458710.686723,439807826.874533,439606477.447479,440009268.524048,70584934,"high_neutrophil"
"512",1089999988.35263,728138883.933823,442512408.187045,442310573.459578,442714335.015537,71018993,"high_neutrophil"
"513",1099999988.24577,734819057.180922,445201870.879602,444999533.872539,445404299.887355,71450626,"high_neutrophil"
"514",1109999988.13891,741499230.428021,447876365.243169,447673508.60945,448079313.798373,71879857,"high_neutrophil"
"515",1119999988.03206,748179403.67512,450536039.442632,450332645.457713,450739525.291007,72306709,"high_neutrophil"
"516",1129999987.9252,754859576.92222,453181039.557657,452977090.109521,453385080.832463,72731206,"high_neutrophil"
"517",1139999987.81834,761539750.169319,455811509.622499,455606986.202276,456016124.853933,73153371,"high_neutrophil"
"518",1149999987.71149,768219923.416418,458427421.882588,458222305.574198,458632630.008202,73573200,"high_neutrophil"
"519",1159999987.60463,774900096.663518,461029089.782726,460823361.25367,461234910.156579,73990743,"high_neutrophil"
"520",1169999987.49777,781580269.910617,463616647.72405,463410287.213678,463823100.128499,74406021,"high_neutrophil"
"521",1179999987.39092,788260443.157716,466190226.955618,465983214.266513,466397331.609953,74819056,"high_neutrophil"
"522",1189999987.28406,794940616.404816,468749961.818251,468542276.305265,468957739.389681,75229868,"high_neutrophil"
"523",1199999987.1772,801620789.651915,471295992.729596,471087613.289952,471504464.343157,75638482,"high_neutrophil"
"524",1209999987.07035,808300962.899014,473828592.811375,473619497.873667,474037780.060935,76044940,"high_neutrophil"
"525",1219999986.96349,814981136.146113,476347744.041026,476137911.55523,476557668.999341,76449239,"high_neutrophil"
"526",1229999986.85663,821661309.393213,478853573.634646,478642981.061618,479064258.863857,76851401,"high_neutrophil"
"527",1239999986.74978,828341482.640312,481346207.110705,481134831.413184,481557675.671355,77251445,"high_neutrophil"
"528",1249999986.64292,835021655.887411,483825768.320364,483613585.950267,484038043.78412,77649391,"high_neutrophil"
"529",1259999986.53606,841701829.134511,486292379.47708,486079366.367548,486505485.934711,78045258,"high_neutrophil"
"530",1269999986.42921,848382002.38161,488746161.185522,488532292.73939,488960123.258448,78439066,"high_neutrophil"
"531",1279999986.32235,855062175.628709,491187232.469823,490972483.550211,491402075.319543,78830835,"high_neutrophil"
"532",1289999986.21549,861742348.875808,493615710.801174,493400055.720967,493831460.139808,79220582,"high_neutrophil"
"533",1299999986.10864,868422522.122908,496031748.731675,495815161.243853,496248430.83165,79608333,"high_neutrophil"
"534",1309999986.00178,875102695.370007,498435531.040098,498217984.327798,498653172.744095,79994117,"high_neutrophil"
"535",1319999985.89492,881782868.617106,500827067.890334,500608534.558011,501045696.620186,80377936,"high_neutrophil"
"536",1329999985.78807,888463041.864206,503206470.836965,502986922.8992,503426114.60485,80759807,"high_neutrophil"
"537",1339999985.68121,895143215.111305,505573708.231104,505353117.105249,505794395.646946,81139726,"high_neutrophil"
"538",1349999985.57435,901823388.358404,507928903.593332,507707240.089366,508150663.874939,81517712,"high_neutrophil"
"539",1359999985.4675,908503561.605504,510272280.324489,510049514.635407,510495143.307169,81893802,"high_neutrophil"
"540",1369999985.36064,915183734.852603,512603944.143933,512380045.838687,512827940.287593,82268012,"high_neutrophil"
"541",1379999985.25378,921863908.099702,514923999.436756,514698937.449947,515149159.836237,82640358,"high_neutrophil"
"542",1389999985.14693,928544081.346801,517232549.275909,517006291.900873,517458905.66792,83010858,"high_neutrophil"
"543",1399999985.04007,935224254.593901,519529695.44386,519302210.324206,519757280.215467,83379528,"high_neutrophil"
"544",1409999984.93321,941904427.841,521815538.453791,521586792.575421,522044384.650415,83746384,"high_neutrophil"
"545",1419999984.82636,948584601.088099,524090177.570347,523860137.254011,524320318.903239,84111442,"high_neutrophil"
"546",1429999984.7195,955264774.335199,526353146.178266,526121777.072863,526584617.031335,84474626,"high_neutrophil"
"547",1439999984.61264,961944947.582298,528605165.894528,528372432.969606,528838001.331639,84836054,"high_neutrophil"
"548",1449999984.50579,968625120.829397,530846795.729434,530612663.269232,531081031.500418,85195814,"high_neutrophil"
"549",1459999984.39893,975305294.076496,533077609.784811,532842041.381785,533313282.332159,85553838,"high_neutrophil"
"550",1469999984.29207,981985467.323596,535297726.25155,535060684.799811,535534872.716891,85910146,"high_neutrophil"
"551",1479999984.18522,988665640.570695,537507742.104794,537269189.796309,537746400.33263,86264832,"high_neutrophil"
"552",1489999984.07836,995345813.817794,539707236.393529,539467134.711106,539947444.938472,86617830,"high_neutrophil"
"553",1499999983.9715,1002025987.06489,541896299.491074,541654609.204697,542138097.621441,86969153,"high_neutrophil"
"554",1509999983.86465,1008706160.31199,544075020.692325,543831701.853943,544318448.395374,87318817,"high_neutrophil"
"555",1519999983.75779,1015386333.55909,546243433.626565,545998445.566336,546488531.612289,87666827,"high_neutrophil"
"556",1529999983.65093,1022066506.80619,548401464.418816,548154765.741906,548648274.123198,88013170,"high_neutrophil"
"557",1539999983.54408,1028746680.05329,550549406.354174,550300954.936008,550797969.943884,88357894,"high_neutrophil"
"558",1549999983.43722,1035426853.30039,552687344.410701,552437097.395674,552937704.784458,88701012,"high_neutrophil"
"559",1559999983.33036,1042107026.54749,554815362.567758,554563276.365854,555067563.359746,89042539,"high_neutrophil"
"560",1569999983.22351,1048787199.79459,556933514.077658,556679544.362544,557187599.659462,89382482,"high_neutrophil"
"561",1579999983.11665,1055467373.04169,559041768.103368,558785869.809576,559297783.586838,89720836,"high_neutrophil"
"562",1589999983.00979,1062147546.28879,561140455.19722,560882582.52049,561398446.434089,90057656,"high_neutrophil"
"563",1599999982.90294,1068827719.53589,563229841.231884,562969947.626889,563489854.816083,90392982,"high_neutrophil"
"564",1609999982.79608,1075507892.78299,565309526.127167,565047564.306978,565571609.395532,90726751,"high_neutrophil"
"565",1619999982.68922,1082188066.03009,567379734.412245,567115656.34851,567643935.444237,91059000,"high_neutrophil"
"566",1629999982.58237,1088868239.27718,569440583.934838,569174340.857854,569706951.552531,91389747,"high_neutrophil"
"567",1639999982.47551,1095548412.52428,571492151.209948,571223693.608719,571760734.978008,91719003,"high_neutrophil"
"568",1649999982.36865,1102228585.77138,573534511.881117,573263789.503938,573805362.106256,92046783,"high_neutrophil"
"569",1659999982.2618,1108908759.01848,575567740.73327,575294702.590311,575840908.461687,92373096,"high_neutrophil"
"570",1669999982.15494,1115588932.26558,577591911.705313,577316506.068042,577867448.723315,92697956,"high_neutrophil"
"571",1679999982.04808,1122269105.51268,579607097.902503,579329272.30769,579885056.732533,93021374,"high_neutrophil"
"572",1689999981.94123,1128949278.75978,581613623.423281,581333324.672822,581894057.324068,93343403,"high_neutrophil"
"573",1699999981.83437,1135629452.00688,583611090.427822,583328264.593442,583894053.389884,93663977,"high_neutrophil"
"574",1709999981.72751,1142309625.25398,585599535.009743,585314127.434134,585885081.754186,93983103,"high_neutrophil"
"575",1719999981.62066,1148989798.50108,587579428.544052,587291383.844581,587867614.518793,94300857,"high_neutrophil"
"576",1729999981.5138,1155669971.74818,589550741.461733,589260003.533719,589841622.838382,94617234,"high_neutrophil"
"577",1739999981.40694,1162350144.99528,591513645.216062,591220157.236265,591807278.886416,94932261,"high_neutrophil"
"578",1749999981.30009,1169030318.24238,593467589.850534,593171294.280741,593764033.423215,95245850,"high_neutrophil"
"579",1759999981.19323,1175710491.48948,595412524.062404,595113362.653641,595711835.858561,95557994,"high_neutrophil"
"580",1769999981.08637,1182390664.73657,597349649.197822,597047562.995223,597651888.245989,95868884,"high_neutrophil"
"581",1779999980.97952,1189070837.98367,599279612.351049,598974541.696415,599584838.384748,96178624,"high_neutrophil"
"582",1789999980.87266,1195751011.23077,601201425.43363,600893309.972804,601509698.884461,96487057,"high_neutrophil"
"583",1799999980.7658,1202431184.47787,603114212.009449,602802990.695332,603425594.004099,96794041,"high_neutrophil"
"584",1809999980.65895,1209111357.72497,605018677.393481,604704288.491478,605333229.747907,97099689,"high_neutrophil"
"585",1819999980.55209,1215791530.97207,606915043.985119,606597425.07786,607232829.199992,97404038,"high_neutrophil"
"586",1829999980.44523,1222471704.21917,608804365.07717,608483453.070755,609125446.331435,97707256,"high_neutrophil"
"587",1839999980.33838,1229151877.46627,610685782.872917,610361514.001136,611010224.020142,98009205,"high_neutrophil"
"588",1849999980.23152,1235832050.71337,612558267.732917,612230577.564266,612886133.294386,98309721,"high_neutrophil"
"589",1859999980.12466,1242512223.96047,614422731.760812,614091555.202825,614754086.920689,98608949,"high_neutrophil"
"590",1869999980.01781,1249192397.20757,616279447.935386,615944719.240463,616614358.535105,98906935,"high_neutrophil"
"591",1879999979.91095,1255872570.45467,618128987.168398,617790639.940691,618467519.699733,99203768,"high_neutrophil"
"592",1889999979.80409,1262552743.70177,619971133.936455,619629101.13586,620313355.537796,99499415,"high_neutrophil"
"593",1899999979.69724,1269232916.94887,621805724.433362,621459938.383402,622151702.881874,99793849,"high_neutrophil"
"594",1909999979.59038,1275913090.19596,623632815.701169,623283208.093776,623982619.407986,100087080,"high_neutrophil"
"595",1919999979.48352,1282593263.44306,625452464.187429,625098966.088307,625806162.192345,100379116,"high_neutrophil"
"596",1929999979.37667,1289273436.69016,627264839.897512,626907381.754183,627622501.86094,100669985,"high_neutrophil"
"597",1939999979.26981,1295953609.93726,629069973.858791,628708485.504765,629431670.057682,100959691,"high_neutrophil"
"598",1949999979.16295,1302633783.18436,630867833.91607,630502244.576989,631233635.237846,101248231,"high_neutrophil"
"599",1959999979.0561,1309313956.43146,632658474.206254,632288712.506777,633028452.14194,101535611,"high_neutrophil"
"600",1969999978.94924,1315994129.67856,634441948.309828,634067942.279299,634816174.948435,101821842,"high_neutrophil"
"601",1979999978.84238,1322674302.92566,636218309.258171,635839986.335511,636596857.281858,102106930,"high_neutrophil"
"602",1989999978.73553,1329354476.17276,637987161.149922,637604448.19072,638370103.827109,102390814,"high_neutrophil"
"603",1999999978.62867,1336034649.41986,639748983.671615,639361806.953945,640136394.850914,102673570,"high_neutrophil"
